地區縣市,短期補習班名稱,主管機關文件單位代碼,電子郵件,短期補習班類別,地址,立案時間,各地短期補習班數量
苗栗縣政府,苗栗縣私立至聖文理短期補習班,413,,文理類,苗栗縣苗栗市玉清里13鄰育英街62號2-3F,2013-11-12,300
苗栗縣政府,苗栗縣私立家佳文理短期補習班,197,hui770705@gmail.com,文理類,苗栗縣頭份市建國路61號1樓,2008-12-31,300
苗栗縣政府,苗栗縣私立睿智文理短期補習班,223,dorissaysg@gmail.com,外語類,苗栗縣苗栗市建功里16鄰縣府路162號1-2F,2009-06-30,300
苗栗縣政府,苗栗縣私立聖佑美語技藝短期補習班,575,tomastomas5116@gmail.com,外語類,苗栗縣苗栗市正發路56號,2000-08-07,300
苗栗縣政府,苗栗縣私立木木文理技藝短期補習班,,wooood0531@gmail.com,文理類,苗栗縣頭份市頭份里中正路233號1樓,2019-05-07,300
苗栗縣政府,苗栗縣私立快樂文理短期補習班,,daisyyy.wei@gmail.com,文理類,苗栗縣竹南鎮新南里8鄰新南街71巷1號1-4F,2004-11-19,300
苗栗縣政府,苗栗縣私立育昇珠心算技藝短期補習班,207,yusheng9522edu@yahoo.com.tw,文理類,苗栗縣竹南鎮照南路122號1-3F,2009-03-21,300
苗栗縣政府,苗栗縣私立華盛頓文理短期補習班,451,reno1223@yahoo.com.tw,文理類,苗栗縣後龍鎮北龍里中華路58之1號1~2F,2006-07-18,300
苗栗縣政府,苗栗縣私立鼓動音樂技藝短期補習班,200,sofia1192@gmail.com,音樂、舞蹈類,苗栗縣頭份市中華路1192號3F,2009-01-19,300
苗栗縣政府,苗栗縣私立ABC ZONE文理技藝短期補習班,,abczone2019@gmail.com,文理類,苗栗縣苗栗市建功里6鄰中山路207號,2019-04-25,300
苗栗縣政府,苗栗縣私立勤曜文理短期補習班,108,love622718@gmail.com,文理類,苗栗縣苗栗市蕉嶺街58號1-2F,2007-01-11,300
苗栗縣政府,苗栗縣私立維多利亞文理短期補習班,,victoria277568@yahoo.com.tw,外語類,苗栗縣苗栗市中華東街2號3樓,2001-10-16,300
苗栗縣政府,苗栗縣私立中大文理短期補習班,251,cpchen0505@yahoo.com.tw,文理類,苗栗縣頭份市蟠桃里信一街3號1樓,2010-02-22,300
苗栗縣政府,智基科技開發股份有限公司附設苗栗縣私立志光法商文理短期補習班（竹南班）,442,ck.v460135@gmail.com,文理類,苗栗縣竹南鎮光復路86號1~2F,2014-12-31,300
苗栗縣政府,苗栗縣私立多倫多文理短期補習班,352,,文理類,苗栗 縣卓蘭鎮上新里卓坪路27號1-2樓,2012-04-08,300
苗栗縣政府,苗栗縣私立樹人資優文理短期補習班,,leemike6666@gmail.com,文理類,苗栗縣頭份市中正一路158號1-2樓,2017-06-21,300
苗栗縣政府,苗栗縣私立勝琥美語珠心算技藝短期補習班,282,luckshaw@yahoo.com.tw,外語類,苗栗縣頭份市土牛里7鄰興隆路16號1F,2011-01-17,300
苗栗縣政府,苗栗縣私立新北聯文理短期補習班,565,,文理類,苗栗縣苗栗市建功里新都街69號1-3樓,2000-01-17,300
苗栗縣政府,智基科技開發股份有限公司附設苗栗縣私立志光法商文理短期補習班（苗栗班）,442,,文理類,苗栗縣苗栗市北苗里1鄰為公路29號2F,2006-01-24,300
苗栗縣政府,苗栗縣私立雅比文理短期補習班,120,jordanvi2@yahoo.com.tw,文理類,苗栗縣竹南鎮中正路301號1-2F、293號1-3F,2007-05-08,300
苗栗縣政府,苗栗縣私立救國團團委會附設語文技藝短期補習班(頭份班),448,,外語類,苗栗縣頭份市中華路1192號5F,2008-07-15,300
苗栗縣政府,苗栗縣私立建成文理短期補習班,122,cclingh@gmail.com,文理類,苗栗縣竹南鎮山佳里龍山路3段132號1-3樓,2007-06-01,300
苗栗縣政府,苗栗縣私立米吉文理技藝短期補習班,,mp39633@yahoo.com.tw,文理類,苗栗縣苗栗市福麗里民族路225號,2019-01-07,300
苗栗縣政府,苗栗縣私立向日葵文理短期補習班,110,,文理類,苗栗縣苗栗市福星里中華東街36號1-3F,2007-01-15,300
苗栗縣政府,苗栗縣私立冠群文理短期補習班,,,文理類,苗栗縣頭份市大同路146號1樓,2022-02-07,300
苗栗縣政府,苗栗縣私立鍾碩數理文理短期補習班自治分班,,jimissmart@hotmail.com,文理類,苗栗縣苗栗市文山里16鄰自治路358號1樓,2021-12-21,300
苗栗縣政府,苗栗縣私立吉安文理短期補習班,016,chunankid@yahoo.com.tw,文理類,苗栗縣竹南鎮聖福里環市路3段154號1-2F,2005-05-03,300
苗栗縣政府,苗栗縣私立林恩文理短期補習班,221,shane.toufen@gmail.com,文理類,苗栗縣頭份市明新街8號1-2樓,2009-06-08,300
苗栗縣政府,苗栗縣私立鍾碩數理文理短期補習班,,jimissmart@hotmail.com,文理類,苗栗縣苗栗市文山里正發路180號1-2樓,2019-04-17,300
苗栗縣政府,苗栗縣私立藝果文理短期補習班,,,文理類,苗栗縣竹南鎮環市路二段177號1樓,2017-07-24,300
苗栗縣政府,苗栗縣私立鹿鳴文理短期補習班,032,,文理類,苗栗縣頭份市文化里翠亨路32號1-2F,2005-08-30,300
苗栗縣政府,史丹佛文教事業股份有限公司附設苗栗縣私立史丹佛文理短期補習班,,,文理類,苗栗縣頭份市光華北路10號1-4樓,2002-09-13,300
苗栗縣政府,苗栗縣私立杜威文教機構文理短期補習班,,jacky611380@hotmail.com,文理類,苗栗縣頭份市永貞路二段310號2樓,2019-07-26,300
苗栗縣政府,學晨文教顧問股份有限公司附設苗栗縣私立學華文理短期補習班,,sc278808@yahoo.com.tw,文理類,苗栗縣苗栗市福麗里35鄰北安街18號1樓/苗栗縣苗栗市褔麗里35鄰府前路160巷51弄2號,2016-04-15,300
苗栗縣政府,學晨文教顧問股份有限公司附設苗栗縣私立學晨美語珠心算技藝短期補習班,257,sc278808@yahoo.com.tw,外語類,苗栗縣苗栗市福星里嘉福街6號1-2F,2010-05-27,300
苗栗縣政府,苗栗縣私立佳學美語技藝短期補習班,313,,外語類,苗栗縣苗栗市文山里正發路190號,2011-08-19,300
苗栗縣政府,苗栗縣私立中正文理短期補習班,136,,文理類,苗栗縣苑裡鎮客庄里11鄰11號1~2F,2007-09-26,300
苗栗縣政府,苗栗縣私立夏禾文理短期補習班,125,learningseed469779@gmail.com,文理類,苗栗縣竹南鎮中華里15鄰萬大街22號2樓,2007-07-06,300
苗栗縣政府,苗栗縣私立文喬文理短期補習班,646,anguswoo805@gmail.com,文理類,苗栗縣頭份市建國路96之1號1-2樓,1999-01-26,300
苗栗縣政府,台灣知識庫股份有限公司附設苗栗縣私立數位學堂文理短期補習班,224,,文理類,苗栗縣苗栗市上苗里為公路8號3F,2009-07-06,300
苗栗縣政府,巨匠電腦股份有限公司附設電腦技藝短期補習班竹南分班,723,en_mailbox@pcschool.com.tw,資訊類,苗栗縣竹南鎮延平路110號1-2樓、108號2樓,2004-11-19,300
苗栗縣政府,巨匠電腦股份有限公司附設電腦美語技藝短期補習班（苗栗班）,281,ef_mailbox@pcschool.com.tw,外語類,苗栗縣苗栗市新苗里7鄰中正路825號,2011-01-04,300
苗栗縣政府,苗栗縣私立家緯文理短期補習班,,,文理類,苗栗縣竹南鎮中正路383號,2018-12-17,300
苗栗縣政府,苗栗縣私立富瑞爾文理短期補習班,,,文理類,苗栗縣頭份市中興里9鄰中央路302號1樓,2019-07-26,300
苗栗縣政府,苗栗縣私立廣學文理技藝短期補習班,,,文理類,苗栗縣頭份市信義路424之2號1樓,2023-02-09,300
苗栗縣政府,苗栗縣私立智勤文理短期補習班,,lineducation2022@gmail.com,文理類,苗栗縣竹南鎮正南里中正路74號1-2樓,2022-06-20,300
苗栗縣政府,地球村出版有限公司附設苗栗縣私立地球村語文文理短期補習班,199,gvoedu888@gmail.com,外語類,苗栗縣苗栗市中正路386號1-4F,2009-01-19,300
苗栗縣政府,苗栗縣私立地球村出版有限公司附設苗栗縣私立地球村文理短期補習班竹南分班,,gvoedu888@gmail.com,文理類,苗栗縣竹南鎮中山路123號1-3樓,2020-12-07,300
苗栗縣政府,苗栗縣私立群益文理短期補習班,404,,文理類,苗栗縣竹南鎮竹南里16鄰延平路27之1號1-3F,2013-08-13,300
苗栗縣政府,苗栗縣私立全人美語珠心算技藝短期補習班,380,,外語類,苗栗縣頭屋鄉頭屋村14鄰尖豐路74號2F,2012-12-28,300
苗栗縣政府,苗栗縣私立葛萊芬多雙語科學實作教育文理短期補習班,,steam.greatfinder@gmail.com,文理類,苗栗縣竹南鎮佳興里環市路三段480號1-2樓,2021-08-06,300
苗栗縣政府,苗栗縣私立欣欣文理短期補習班,,,文理類,苗栗縣頭份市信東路316號1樓,2022-12-23,300
苗栗縣政府,苗栗縣私立千睿文理短期補習班,,lee33393@gmail.com,文理類,苗栗縣苑裡鎮山腳里13鄰山腳358-1號2-3樓,2020-06-03,300
苗栗縣政府,苗栗縣私立好好共學文理技藝短期補習班,,,文理類,苗栗縣頭份市文化街7號1-4樓,2021-07-16,300
苗栗縣政府,苗栗縣私立巧聯文理技藝短期補習班,153,zeroehuang@gmail.com,文理類,苗栗縣頭份市民族里東民路85號1-3樓,2007-12-19,300
苗栗縣政府,苗栗縣私立文華文理短期補習班,,jfflora0113@gmail.com,文理類,苗栗縣苗栗市文山里國華路 899號1-3樓,2019-07-26,300
苗栗縣政府,大鴻海文化有限公司附設大東海法商文理短期補習班（苗栗班）,100,,文理類,苗栗縣苗栗市站前2號1-3F,2006-12-29,300
苗栗縣政府,苗栗縣私立芝麻街文理短期補習班,,,文理類,苗栗市中正路204號4樓、5樓之2,1996-05-23,300
苗栗縣政府,苗栗縣私立拉曼文理短期補習班,,lingotreetoufen01@gmail.com,文理類,苗栗縣頭份市信中路1號1-4樓,2022-11-18,300
苗栗縣政府,苗栗縣私立探索國際村文理短期補習班,,,文理類,苗栗縣苗栗市文山里24鄰正發路208號1樓,2022-10-24,300
苗栗縣政府,苗栗縣私立樂童教育文理短期補習班,,,文理類,苗栗縣頭份市育英街19巷7號1-2樓,2022-10-24,300
苗栗縣政府,苗栗縣私立喬仁文理短期補習班,454,,文理類,苗栗縣苑裡鎮苑南里10鄰南興路160號3F,2012-05-21,300
苗栗縣政府,苗栗縣私立樂天文理短期補習班,,stmarco981@gmail.com,文理類,苗栗縣頭份市德義路65號1樓,2020-11-09,300
苗栗縣政府,苗栗縣私立薪格音樂技藝短期補習班（頭份班）,254,,音樂、舞蹈類,苗栗縣頭份市自強里12鄰信東路142號1F,2010-03-15,300
苗栗縣政府,苗栗縣私立茱莉亞文理短期補習班,,mimi207256@yahoo.com.tw,文理類,苗栗縣竹南鎮營盤里大營路256-1號1樓、256-2號1F,2006-07-18,300
苗栗縣政府,苗栗縣私立奇葳文理短期補習班,,,文理類,苗栗縣頭份市信東路256號1-2樓,2020-03-24,300
苗栗縣政府,苗栗縣私立Hugo語果共學中心文理短期補習班,426,,外語類,苗栗縣竹南鎮照南里25鄰華東街76號2F,2014-06-23,300
苗栗縣政府,苗栗縣私立妮可文理短期補習班,354,,文理類,苗栗縣苗栗市上苗里12鄰社寮街145之3號1-2F,2012-04-20,300
苗栗縣政府,苗栗縣私立凱禾文理短期補習班,364,sabina690528@gamil.com,文理類,苗栗縣竹南鎮營盤里15鄰建國路317號1F,2012-06-25,300
苗栗縣政府,苗栗縣私立紅豆文理技藝短期補習班,,carolhuang1103@gmail.com,文理類,苗栗縣頭份市中興里建國路二段306號1樓,2021-05-11,300
苗栗縣政府,苗栗縣私立群英文理短期補習班,,chen.shin085@gmail.com,文理類,苗栗縣竹南鎮中正路351號1樓,2019-04-04,300
苗栗縣政府,苗栗縣私立皇鼎文理技藝短期補習班,417,k0938255135@gmail.com,文理類,苗栗縣苑裡鎮苑南里5鄰南興路88號2樓之3,2009-04-29,300
苗栗縣政府,苗栗縣私立慧昌美語音樂技藝短期補習班,116,ch_weihui@yahoo.com.tw,外語類,苗栗縣苗栗市文山里15鄰祥發街17號2-3F,2007-03-27,300
苗栗縣政府,苗栗縣私立上弘文理短期補習班,582,,文理類,苗栗縣苑裡鎮苑北里中山路265之1號2樓,2000-09-06,300
苗栗縣政府,苗栗縣私立佳音英語文理短期補習班,,bc054@joy.com.tw,文理類,苗栗縣苑裡鎮苑南里和平路26號,2015-12-29,300
苗栗縣政府,苗栗縣私立華威文理短期補習班,,,外語類,苗栗縣苗栗市中正路631號2樓,2000-08-07,300
苗栗縣政府,苗栗縣私立青年文理短期補習班,719,,文理類,苗栗縣苑裡鎮客庄里23鄰客庄77之70號2樓,2004-07-26,300
苗栗縣政府,苗栗縣私立姍姍舞蹈技藝短期補習班,,ss@337318.com,音樂、舞蹈類,苗栗縣苗栗市精武街16號,1993-09-06,300
苗栗縣政府,苗栗縣私立金和絃音樂技藝短期補習班,167,,音樂、舞蹈類,苗栗縣苗栗市文山里自治路326號1-2F,2008-04-03,300
苗栗縣政府,苗栗縣私立劉老師文理短期補習班,,,文理類,苗栗縣通霄鎮平元里12鄰平新一路96號1-3樓,2016-12-29,300
苗栗縣政府,苗栗縣私立文昌思考教育文理短期補習班,,we.sun@msa.hinet.net,文理類,苗栗縣竹南鎮大營路101號1樓,2021-12-06,300
苗栗縣政府,苗栗縣私立楊明哲璦美語聯盟文理短期補習班,,jamesyangabc@gmail.com,文理類,苗栗縣苗栗市建功里33鄰大埔街43號1樓,2021-10-27,300
苗栗縣政府,苗栗縣私立特色文教文理短期補習班,,,文理類,苗栗縣苗栗市文山里16鄰正發路177巷50號1-3樓,2022-06-20,300
苗栗縣政府,苗栗縣私立在勝文理短期補習班,,,文理類,苗栗縣通霄鎮崇仁路11號1樓,2022-01-07,300
苗栗縣政府,萬德福國際有限公司附設苗栗縣私立奇毅文理短期補習班,,qqamandalin@hotmail.com,文理類,苗栗縣頭份市文化里6鄰文化街49號1-3樓,2022-04-29,300
苗栗縣政府,苗栗縣私立康柏文理短期補習班,302,,文理類,苗栗縣苑裡鎮客庄里11鄰客庄133-20號1F,2011-06-09,300
苗栗縣政府,苗栗縣私立愛卡爾文理短期補習班,,,文理類,苗栗縣頭份市文化里11鄰文化街68號1-2樓,2021-07-13,300
苗栗縣政府,苗栗縣私立愛瑞卡美語技藝短期補習班,286,,外語類,苗栗縣頭份市忠孝里8鄰信東路272號1F,2011-02-01,300
苗栗縣政府,苗栗縣私立東昇文理短期補習班,219,d0937429996@gmail.com,文理類,苗栗縣公館鄉鶴岡村5鄰200之5號1F,2009-05-25,300
苗栗縣政府,苗栗縣私立立昇文理短期補習班,412,ls037597413@gmail.com,文理類,苗栗縣頭份市建國里三民街68號1-2F,2013-11-08,300
苗栗縣政府,苗栗縣私立教詳文理技藝短期補習班,,,文理類,苗栗縣苗栗市建功里6鄰中正路204號2樓,2021-07-19,300
苗栗縣政府,苗栗縣私立小瓢蟲文理短期補習班,395,m867689@yahoo.com.tw,文理類,苗栗縣苑裡鎮客庄里20鄰世界路2段立華巷8號1F,2013-05-14,300
苗栗縣政府,苗栗縣私立翰林文理短期補習班,453,,文理類,苗栗縣竹南鎮中華里17鄰環市路2段95號2-3F,2012-02-16,300
苗栗縣政府,苗栗縣私立薇風文理短期補習班,,world.focus0414@gmail.com,文理類,苗栗縣頭份市頭份里12鄰中正路342號1樓,2022-05-25,300
苗栗縣政府,苗栗縣私立知新學苑文理短期補習班,,ntnxveping@gmail.com,文理類,苗栗縣頭份市昌隆一街25號1樓,2022-05-23,300
苗栗縣政府,苗栗縣私立薪格音樂技藝短期補習班（竹南班）,149,sakic.a472992@msa.hinet.net,音樂、舞蹈類,苗栗縣竹南鎮正南里15鄰福德路37號1F,2007-11-21,300
苗栗縣政府,苗栗縣私立彩田美術技藝短期補習班,124,kao869429@gmail.com,美術、書法、攝影、美工設計、圍棋類,苗栗縣苑裡鎮客庄里15鄰117之32號1F,2007-06-23,300
苗栗縣政府,苗栗縣私立晨星文理短期補習班,377,,文理類,苗栗縣苗栗市文山里20鄰自治路467-2號2F,2012-12-17,300
苗栗縣政府,苗栗縣私立小太陽文理短期補習班,392,12pillar@gmail.com,文理類,苗栗縣公館鄉館東村6鄰館東93-8號1-2樓,2013-04-25,300
苗栗縣政府,苗栗縣私立科堤文理短期補習班,,kumon686341@gmail.com,文理類,苗栗縣頭份市成功里忠孝一路314號1樓,2021-11-09,300
苗栗縣政府,苗栗縣私立加舜文理短期補習班,123,bayhe.t666517@msa.hinet.net,文理類,苗栗縣頭份市蟠桃里自立街52號1-2F,2007-06-23,300
苗栗縣政府,苗栗縣私立芝麻村文理短期補習班,,zipzz2101@gmail.com,文理類,苗栗縣頭份市翠亨路138號,2021-09-11,300
苗栗縣政府,苗栗縣私立卓冠文理短期補習班,333,,文理類,苗栗縣頭份市文化里8鄰翠亨路22巷15號2-4F,2012-01-02,300
苗栗縣政府,苗栗縣私立泰龍文理短期補習班,,cpchen0505@yahoo.com.tw,文理類,苗栗縣頭份市蟠桃里7鄰華美街18號1-2樓,2021-03-14,300
苗栗縣政府,苗栗縣私立育林文理短期補習班,276,,文理類,苗栗縣公館鄉館中村仁愛路2段124號1樓,2010-11-22,300
苗栗縣政府,苗栗縣私立好學生文理短期補習班,,,文理類,苗栗縣通霄鎮福德路38號1樓,1996-08-08,300
苗栗縣政府,苗栗縣私立育苗文理短期補習班,, ttc0425@hotmail.com,商類：珠算、心算、會計,苗栗縣竹南鎮佳興里11鄰忠勇街8號,2001-07-09,300
苗栗縣政府,苗栗縣私立耶魯外語文理短期補習班,398,mlyale888@yahoo.com.tw,外語類,苗栗縣苗栗市縣府路152號1-3F,2013-05-28,300
苗栗縣政府,苗栗縣私立大樹美語技藝短期補習班,012,toptree.school@gmail.com,外語類,苗栗縣苑裡鎮客庄里信義路8號,2005-04-11,300
苗栗縣政府,苗栗縣私立伊頓文理技藝短期補習班,,,文理類,苗栗縣通霄鎮通東里1鄰中正路3之5號1樓,2019-01-02,300
苗栗縣政府,苗栗縣私立聯合文理短期補習班,725,m996@kimo.com,文理類,苗栗縣三義鄉廣盛村14鄰八股路36之2號1-2F,2004-09-10,300
苗栗縣政府,苗栗縣私立小羊畫室技藝短期補習班,,ytc6435a@gmail.com,美術、書法、攝影、美工設計、圍棋類,苗栗市文山里18鄰自治路482號1樓,2018-07-13,300
苗栗縣政府,苗栗縣私立育碩文理短期補習班,096,,文理類,苗栗縣後龍鎮大庄里17鄰光華路486、488號1F,2006-10-26,300
苗栗縣政府,苗栗縣私立毅霖文理短期補習班,119,,文理類,苗栗縣頭份市後庄里建民街58號1樓,2007-05-03,300
苗栗縣政府,苗栗縣私立佑冠文理短期補習班,280,,文理類,苗栗縣苗栗市玉苗里民生街36號1樓,2004-07-30,300
苗栗縣政府,社團法人中國青年救國團附設苗栗縣私立救國團文理技藝短期補習班,,,文理類,苗栗縣苗栗市中正路382號1樓,2017-10-11,300
苗栗縣政府,苗栗縣私立真正文理短期補習班,,hawdy1118@yahoo.com.tw,文理類,苗栗縣頭份市中正路292號1樓,1995-07-25,300
苗栗縣政府,苗栗縣私立學品文理短期補習班,279,,文理類,苗栗縣頭份市忠孝里1鄰建國路91號1F,2010-12-27,300
苗栗縣政府,苗栗縣私立貓頭鷹文理短期補習班,390,wiseowlabcd@gmail.com,文理類,苗栗縣苗栗市北苗里29鄰蕉嶺街16號1-2F,2013-04-12,300
苗栗縣政府,苗栗縣私立林淑娟語文技藝短期補習班,322,,外語類,苗栗縣竹南鎮忠義街91號、99號,2011-11-07,300
苗栗縣政府,苗栗縣私立文昌文理短期補習班,433,we.sun@msa.hinet.net,文理類,苗栗縣頭份市忠孝里忠孝一路242號,2014-09-03,300
苗栗縣政府,苗栗縣私立祐群文理短期補習班,074,,商類：珠算、心算、會計,苗栗縣後龍鎮北龍里3鄰田心9號,2006-06-29,300
苗栗縣政府,苗栗縣私立毅利特文理短期補習班,217,avon6682@yahoo.com.tw,文理類,苗栗縣竹南鎮正南里3鄰環市路1段152號1-3F,2009-05-14,300
苗栗縣政府,苗栗縣私立小荳荳文理技藝短期補習班新南分班,,sdoudou126@gmail.com,文理類,苗栗縣竹南鎮新南里22鄰新南街126號1-2樓,2021-04-15,300
苗栗縣政府,苗栗縣私立徐老師文理短期補習班,735,,外語類,苗栗縣苗栗市玉清里13鄰育英街70-1號1-2樓,2004-11-20,300
苗栗縣政府,苗栗縣私立芝蔴園文理短期補習班,,,文理類,苗栗縣竹南鎮福德路181號,2000-01-20,300
苗栗縣政府,苗栗縣私立立達文理短期補習班,344,liu582@yahoo.com.tw,外語類,苗栗縣卓蘭鎮新厝里9鄰仁愛路24號1F,2012-02-16,300
苗栗縣政府,苗栗縣私立青青文理短期補習班,415,,文理類,苗栗縣苑裡鎮新興街35巷31號1-3F,2014-01-16,300
苗栗縣政府,苗栗縣私立家偉文理短期補習班,424,,文理類,苗栗縣頭份市建國路52號、62號,2014-06-09,300
苗栗縣政府,苗栗縣私立e學園文理短期補習班,263,,外語類,苗栗縣卓蘭鎮新厝里9鄰仁愛路26號1-2F,2010-07-04,300
苗栗縣政府,苗栗縣私立21世紀文理短期補習班,572,21st851311@gmail.com,文理類,苗栗縣苑裡鎮客庄里30鄰77巷10號1F,2000-07-07,300
苗栗縣政府,苗栗縣私立瑞斯英語文理短期補習班,,ricky_7787@hotmail.com,文理類,苗栗市苗栗縣苗栗市正發路33號1-2樓,2021-01-19,300
苗栗縣政府,苗栗縣私立岑毅文理短期補習班,131,,文理類,苗栗縣頭份市后庄里5鄰信義路660號1-2F,2007-08-10,300
苗栗縣政府,苗栗縣私立揚名文理短期補習班,401,,文理類,苗栗縣苗栗市福麗里至公路208號2F,2011-02-08,300
苗栗縣政府,苗栗縣私立古老師文理短期補習班,086,,文理類,苗栗縣苗栗市福麗里饒平街87號1-3F,2006-08-21,300
苗栗縣政府,苗栗縣私立偉文文理短期補習班,195,miaoliwaywin@gmail.com,文理類,苗栗縣苗栗市恭敬里華岡28號1F,2008-12-19,300
苗栗縣政府,苗栗縣私立偲恩思文理短期補習班,212,,文理類,苗栗縣苑裡鎮客庄里中正路11鄰1段13號1-2F,2009-04-09,300
苗栗縣政府,苗栗縣私立慕夏美術技藝短期補習班,452,,美術、書法、攝影、美工設計、圍棋類,苗栗縣竹南鎮新南里東平路75號1-2F,2013-01-21,300
苗栗縣政府,苗栗縣私立愛尼爾文理短期補習班,387,,文理類,苗栗縣大湖鄉大湖村中山路2號1-2F,2013-03-05,300
苗栗縣政府,苗栗縣私立宥成文理短期補習班,376,youcheng301513@gmail.com,文理類,苗栗縣苗栗市建功里31鄰和平路103號2F,2012-12-10,300
苗栗縣政府,苗栗縣私立傑生美語技藝短期補習班,102,shiauhs@yahoo.com.tw,外語類,苗栗縣頭份市中山路290號1-3F,2006-12-29,300
苗栗縣政府,苗栗縣私立艾佳文理短期補習班,238,,文理類,苗栗縣苗栗市維新里新東街155之1號1-2F,2009-10-06,300
苗栗縣政府,苗栗縣私立采玥文理技藝短期補習班,,,文理類,苗栗縣竹南鎮立達街116號1樓,2021-07-07,300
苗栗縣政府,苗栗縣私立倍斯特美語技藝短期補習班,326,tinachiang0609@gmail.com,外語類,苗栗縣頭份市後庄里6鄰建民街82號1F,2011-11-16,300
苗栗縣政府,苗栗縣私立凱薩琳文理短期補習班,,katherineenglishschool@gmail.com,文理類,苗栗縣竹南鎮自強街57號2樓,2018-01-18,300
苗栗縣政府,苗栗縣私立頂尖文理短期補習班,337,janeis.lee@msa.hinet.net,外語類,苗栗縣公館鄉館東村大東路85號1-2F、83號1-3F,2012-01-20,300
苗栗縣政府,苗栗縣私立大數文理短期補習班,,b601@ms13.hinet.net,文理類,苗栗縣苗栗市長安街99號1樓,2020-07-10,300
苗栗縣政府,苗栗縣私立GE菁英文理短期補習班,,,文理類,苗栗縣苗栗市自治路82巷2號1樓,2020-02-17,300
苗栗縣政府,苗栗縣私立彤美術技藝短期補習班,185,,美術、書法、攝影、美工設計、圍棋類,苗栗縣苗栗市建功里府前路155號2F,2008-09-19,300
苗栗縣政府,苗栗縣私立易威文理短期補習班,,stephen356357@gmail.com,文理類,苗栗縣苗栗市建功里饒平街26號3樓,2020-12-01,300
苗栗縣政府,苗栗縣私立慧朋文理短期補習班,,,文理類,苗栗縣苑裡鎮客庄里世界路一段14鄰91-18號1-2樓,2021-05-19,300
苗栗縣政府,苗栗縣私立辰功教育機構文理短期補習班,,,文理類,苗栗縣頭份市中央路92號,2021-05-11,300
苗栗縣政府,易群文教事業有限公司附設苗栗縣私立易群文理技藝短期補習班,,,文理類,苗栗縣頭份市建國里6鄰三民街21號1-2樓,2020-05-21,300
苗栗縣政府,苗栗縣私立大業文理短期補習班,,,文理類,苗栗縣竹南鎮大業街72號1-2樓,2020-06-02,300
苗栗縣政府,苗栗縣私立快樂窩文理短期補習班,365,,外語類,苗栗縣竹南鎮中港里15鄰新生路106巷16弄3號1F,2012-06-26,300
苗栗縣政府,苗栗縣私立新識文理短期補習班,164,dick5675039@hotmail.com,文理類,苗栗縣竹南鎮大營路138號1-3F,2008-03-27,300
苗栗縣政府,苗栗縣私立琅琅美語技藝短期補習班,176,meitsutang@yahoo.com,外語類,苗栗縣造橋鄉大西村尖豐路176號1-2F,2008-07-01,300
苗栗縣政府,苗栗縣私立學文文理短期補習班,,,文理類,苗栗縣銅鑼鄉中正路234之1號2樓,1997-05-08,300
苗栗縣政府,苗栗縣私立穆西克技藝短期補習班,,bp821152285@hotmail.com,音樂、舞蹈類,苗栗縣苗栗市自治路387號1-2樓,2016-03-29,300
苗栗縣政府,苗栗縣私立愛彌兒美語技藝短期補習班,397,,外語類,苗栗縣苗栗市北苗里19鄰香格25號1F,2013-05-17,300
苗栗縣政府,苗栗縣私立愛迪生文理短期補習班,188,,文理類,苗栗縣竹南鎮山佳里龍山路3段231號1-2F,2008-10-15,300
苗栗縣政府,苗栗縣私立佳大文理短期補習班,391,sugar11084@gmail.com,文理類,苗栗縣竹南鎮山佳里龍山路3段211號,2013-05-06,300
苗栗縣政府,苗栗縣私立連科文理短期補習班,183,,文理類,苗栗縣苗栗市文山里自治路321號1-2F,2008-09-04,300
苗栗縣政府,苗栗縣私立優生文理短期補習班,184,akiomaxhsu@gmail.com,文理類,苗栗縣苑裡鎮客庄里30鄰客庄90-18號1F,2008-09-12,300
苗栗縣政府,苗栗縣私立博學園文理短期補習班,179,,外語類,苗栗縣苗栗市上苗里社寮街147-3號1F,2008-07-30,300
苗栗縣政府,苗栗縣私立九年文理短期補習班,330,ok480550@yahoo.com.tw,文理類,苗栗縣竹南鎮中正路97、99號2F,2011-12-28,300
苗栗縣政府,苗栗縣私立育昇文理短期補習班,211,yusheng9522edu@yahoo.com.tw,文理類,苗栗縣竹南鎮佳興里明禮街95巷22號1-4F,2009-04-01,300
苗栗縣政府,苗栗縣私立桐樂文理技藝短期補習班,,,文理類,苗栗縣竹南鎮開元里3鄰平等街一段50、52號1樓,2017-05-31,300
苗栗縣政府,苗栗縣私立首席珠心算美語技藝短期補習班,045,shanezhunan@gmail.com,外語類,苗栗縣竹南鎮大厝里15鄰環市路1段305巷10弄1號1-3F/苗栗縣竹南鎮大厝里15鄰環市路1段305巷10弄18號,2005-11-22,300
苗栗縣政府,苗栗縣私立小精靈文理短期補習班,420,mir98166@ms13.hinet.net,文理類,苗栗縣銅鑼鄉銅鑼村2鄰文化街58號2樓,2014-04-16,300
苗栗縣政府,苗栗縣私立龍門文理短期補習班,340,,文理類,苗栗縣後龍鎮中山路296號1F,2012-02-08,300
苗栗縣政府,苗栗縣私立三之三文理短期補習班,410,yes33chiou@gmail.com,文理類,苗栗縣苗栗市文山里自治路16鄰328號1-4F,2013-10-17,300
苗栗縣政府,苗栗縣私立章宏文理短期補習班,374,,文理類,苗栗縣三灣鄉三灣村6鄰中正路223-2號2F,2012-10-18,300
苗栗縣政府,苗栗縣私立富瑞爾文理短期補習班君毅分班,233,school.616997@gmail.com,文理類,苗栗縣竹南鎮山佳里16鄰四維街17號1F,2009-08-21,300
苗栗縣政府,苗栗縣私立吳苗琪技藝文理短期補習班,405,,文理類,苗栗縣竹南鎮中港里15鄰新生路106巷16弄5號1樓、7號1樓,2013-08-29,300
苗栗縣政府,苗栗縣私立名仁珠心算技藝短期補習班,347,,商類：珠算、心算、會計,苗栗縣苗栗市福麗里11鄰至公路369號2-3F,2012-03-13,300
苗栗縣政府,苗栗縣私立愛兒強文理短期補習班,,2v3089david@gmail.com,文理類,苗栗縣苑裡鎮客庄里8鄰116之16號1-2樓,1996-03-06,300
苗栗縣政府,苗栗縣私立愛丁堡美語技藝短期補習班,091,,外語類,苗栗縣三義鄉廣盛村37鄰廣聲新城11號1F,2006-09-27,300
苗栗縣政府,苗栗縣私立莊鎮文理短期補習班大營分班,,,文理類,苗栗縣竹南鎮竹南里20鄰大營路148-1號1樓,2016-03-29,300
苗栗縣政府,苗栗縣私立小天使美語珠心算技藝短期補習班,165,pvivian7@yahoo.com.tw,外語類,苗栗縣三義鄉廣盛村復興路22號1-2F,2008-03-28,300
苗栗縣政府,苗栗縣私立幸福種籽文理短期補習班,156,hugo88886@gmail.com,文理類,苗栗縣苗栗市上苗里長安街101號1-3F,2008-01-10,300
苗栗縣政府,苗栗縣私立布拉格美語心算技藝短期補習班,255,,外語類,苗栗縣竹南鎮營盤里8鄰忠義街34號1-4F,2010-04-29,300
苗栗縣政府,苗栗縣私立學儒文理短期補習班,134,,文理類,苗栗縣通霄鎮通東里1鄰中正路3-4號,2007-09-03,300
苗栗縣政府,苗栗縣私立創巨美語技藝短期補習班,015,philip8149japan@yahoo.com.tw,外語類,苗栗縣頭份市忠孝里20鄰忠孝一路135號1-2F,2005-04-21,300
苗栗縣政府,苗栗縣私立演奏家音樂技藝短期補習班,216,,音樂、舞蹈類,苗栗縣竹南鎮佳興里9鄰新民街19號,2009-05-08,300
苗栗縣政府,苗栗縣私立僑美文理短期補習班,〈024〉,,文理類,苗栗縣苗栗市中正路228號1樓,1998-05-18,300
苗栗縣政府,苗栗縣私立安佩文理短期補習班,343,33sam@yahoo.com.tw,文理類,苗栗縣卓蘭鎮新厝里19鄰仁愛路3-26號2-3F,2012-02-16,300
苗栗縣政府,苗栗縣私立快樂屋美語技藝短期補習班,105,,外語類,苗栗縣苗栗市清華里2鄰豐年路29巷8號,2007-01-08,300
苗栗縣政府,苗栗縣私立錞樂技藝短期補習班,201,puremusic0701@gmail.com,音樂、舞蹈類,苗栗縣後龍鎮大庄里15鄰光華路506號1-2F,2009-01-20,300
苗栗縣政府,苗栗縣私立伊頓文理技藝短期補習班學園分校,090,edenhsu6616@gmail.com,文理類,苗栗縣通霄鎮平元里18鄰平新一路60號1-3F,2006-08-28,300
苗栗縣政府,苗栗縣私立育成文理短期補習班,499,k0935334699@gmail.com,文理類,苗栗縣頭份市忠孝里7鄰忠孝1路155號,1997-08-08,300
苗栗縣政府,苗栗縣私立博達文理短期補習班,446,,文理類,苗栗縣苗栗市正發路205號1-2F,2015-03-31,300
苗栗縣政府,苗栗縣私立茂德文理短期補習班,,jen365347@yahoo.com.tw,文理類,苗栗縣苗栗市北苗里19鄰文峰街99號1樓,1999-11-24,300
苗栗縣政府,苗栗縣私立葳森文理短期補習班,294,jrshhiang1105@gmail.com,文理類,苗栗縣竹南鎮新南里新南街71巷25號1F,2011-04-18,300
苗栗縣政府,苗栗縣私立蒲公英珠心算技藝短期補習班,,,商類：珠算、心算、會計,苗栗縣苗栗市文山里13鄰祥發路48號,1998-01-05,300
苗栗縣政府,苗栗縣私立泰峰文理短期補習班,,,文理類,苗栗縣後龍鎮大庄里5鄰光華路511號1-3樓,2018-11-29,300
苗栗縣政府,苗栗縣私立東正文理短期補習班,393,,文理類,苗栗縣頭份市成功里成功路68號及70號2F,2013-05-13,300
苗栗縣政府,苗栗縣私立達人文理短期補習班,262,,文理類,苗栗縣頭份市蟠桃里9鄰德義路31號1-2F,2010-06-24,300
苗栗縣政府,苗栗縣私立神童圍棋技藝短期補習班,130,,美術、書法、攝影、美工設計、圍棋類,苗栗縣苗栗市北苗里29鄰文峰街83號1F,2007-07-31,300
苗栗縣政府,苗栗縣私立元益文理短期補習班,,melody037853727@yahoo.com.tw,文理類,苗栗縣苑裡鎮客庄里21鄰75-26號1-4樓,2003-03-26,300
苗栗縣政府,苗栗縣私立學淵文理短期補習班,037,learn370802@gmail.com,文理類,苗栗縣苗栗市福麗里14鄰民族路257號1-2F,2005-10-06,300
苗栗縣政府,苗栗縣私立品誠文理短期補習班,175,aass010203@yahoo.com.tw,文理類,苗栗縣三灣鄉三灣村中正路303之2號1-2F,2008-06-18,300
苗栗縣政府,苗栗縣私立立佳文理短期補習班,388,,文理類,苗栗縣竹南鎮正南里大營路104號1-2F,2013-03-25,300
苗栗縣政府,苗栗縣私立A++升學中心文理短期補習班,,ujwww820827@gmail.com,文理類,苗栗縣頭份市中央路330號1-2樓,2019-09-20,300
苗栗縣政府,苗栗縣私立學佾文理短期補習班,,,文理類,苗栗縣頭份市成功里17鄰節約街94號1-2樓,2016-12-07,300
苗栗縣政府,苗栗縣私立慧圓珠心算技藝短期補習班,394,,商類：珠算、心算、會計,苗栗縣卓蘭鎮新榮里成功路8巷8號1-2F,2013-05-13,300
苗栗縣政府,苗栗縣私立彩虹魚美術技藝短期補習班,275,a0918900097@gmail.com,美術、書法、攝影、美工設計、圍棋類,苗栗縣頭份市仁愛里1鄰信東路32號1F,2010-11-17,300
苗栗縣政府,苗栗縣私立宇冠文理短期補習班,,sokun0827@gmail.com,文理類,苗栗縣公館鄉館中村大同路60之6號1-3F,2006-06-09,300
苗栗縣政府,苗栗縣私立仁人文理短期補習班,384,,文理類,苗栗縣竹南鎮營盤里自由街146號,2006-12-14,300
苗栗縣政府,苗栗縣私立WE文理短期補習班,,wisdomenglish60@gmail.com,文理類,苗栗縣竹南鎮延平路60號2樓,2020-12-07,300
苗栗縣政府,苗栗縣私立光華文理短期補習班民族分班,,,文理類,苗栗縣苗栗市北安街13號,2017-11-09,300
苗栗縣政府,苗栗縣私立安哲立文理短期補習班,304,kimshawnschool@gmail.com,文理類,苗栗縣苗栗市建功里19鄰成功路10號1-3F,2011-06-30,300
苗栗縣政府,苗栗縣私立育明文理短期補習班,157,enjoyschool227@gmail.com,文理類,苗栗縣通霄鎮平安里平新一路227號1-2F,2008-01-25,300
苗栗縣政府,苗栗縣私立博士文理短期補習班,226,pagi36@yahoo.com.tw,文理類,苗栗縣苗栗市福麗里和平路138巷11號1樓,2009-07-17,300
苗栗縣政府,苗栗縣私立新潮文理短期補習班,421,,文理類,苗栗縣竹南鎮營盤里22鄰博愛街301號3F；苗栗縣竹南鎮營盤里22鄰博愛街341號4F,2014-05-27,300
苗栗縣政府,苗栗縣私立GOGO文理短期補習班,301,,文理類,苗栗縣苗栗市福麗里19鄰府前路120號1樓,2011-05-27,300
苗栗縣政府,苗栗縣私立俊揚文理短期補習班,416,,文理類,苗栗縣三義鄉廣盛村8鄰中正路187之1號2F,2014-02-28,300
苗栗縣政府,苗栗縣私立育英文理短期補習班,616,,文理類,苗栗縣銅鑼鄉永樂路35號1-2F,2001-12-26,300
苗栗縣政府,苗栗縣私立華聯文理短期補習班,213,gina@north-union.com.tw,文理類,苗栗縣公館鄉大同路14鄰199號2F,2009-04-16,300
苗栗縣政府,苗栗縣私立三義名人文理短期補習班,,wenpin2000@yahoo.com.tw,文理類,苗栗縣三義鄉廣盛村15鄰八股路20-72號1-2樓,2017-09-28,300
苗栗縣政府,苗栗縣私立小荳荳文理技藝短期補習班,060,t621061@gmail.com,外語類,苗栗縣頭份市尖下里尖豐路370巷21號1F,2006-03-23,300
苗栗縣政府,苗栗縣私立貝多芬舞蹈技藝短期補習班,,,音樂、舞蹈類,苗栗縣苗栗市建功里縣府路82號3樓,2004-11-20,300
苗栗縣政府,苗栗縣私立英美師德文理短期補習班,437,,文理類,苗栗縣頭份市成功里13鄰明新街95號2F,2014-09-22,300
苗栗縣政府,苗栗縣私立流星街文理短期補習班,,,文理類,苗栗縣苗栗市建功里忠孝路166號A1 166號2樓A2,2017-08-18,300
苗栗縣政府,苗栗縣私立菁英中心文理短期補習班,,,文理類,苗栗縣苗栗市建功里22鄰和平路131號1樓,2015-12-22,300
苗栗縣政府,苗栗縣私立云成文理短期補習班,440,,文理類,苗栗縣苗栗市建功里34鄰和平路73號1-3F,2014-12-09,300
苗栗縣政府,苗栗縣私立大仁文理短期補習班,395,,文理類,苗栗縣三義鄉廣盛村9鄰中正路164號1-2F,2013-05-13,300
苗栗縣政府,苗栗縣私立芹毅文理短期補習班,733,,文理類,苗栗縣苗栗市高苗里天雲街48號1樓,2004-11-20,300
苗栗縣政府,苗栗縣私立潘朵拉美語技藝短期補習班,445, teacherchloe2019@gmail.com,外語類,苗栗縣苗栗市建功里33鄰忠孝路168號1樓,2011-07-01,300
苗栗縣政府,苗栗縣私立葉老師珠心算美語技藝短期補習班,348,,商類：珠算、心算、會計,苗栗縣大湖鄉大湖村民權路15之3號1F,2005-10-20,300
苗栗縣政府,苗栗縣私立仁愛文理短期補習班,455,,文理類,苗栗縣公館鄉館南村2鄰通明街100-1號2樓,2011-05-23,300
苗栗縣政府,苗栗縣私立黃氏珠心算技藝短期補習班,242,moonhuang311@gmail.com,商類：珠算、心算、會計,苗栗縣後龍鎮大庄里14鄰成功路133號1F,2009-11-27,300
苗栗縣政府,苗栗縣私立學立文理短期補習班,321,,文理類,苗栗縣公館鄉館東村大同路130號1－2F,2011-10-31,300
苗栗縣政府,苗栗縣私立三民文理短期補習班,289,,文理類,苗栗縣苗栗市上苗里10鄰中正路102號1-2樓,2011-02-18,300
苗栗縣政府,苗栗縣私立勁學文理短期補習班,118,,文理類,苗栗縣苑裡鎮客庄里13鄰新興路46號2-3F,2007-05-01,300
苗栗縣政府,萬德福國際有限公司附設苗栗縣私立奇芯文理短期補習班,,,文理類,苗栗縣竹南鎮大營路33號1-5樓,2020-03-24,300
苗栗縣政府,苗栗縣私立典優文理短期補習班,332,,文理類,苗栗縣苑裡鎮客庄里信義路6之5號1F,2011-12-29,300
苗栗縣政府,苗栗縣私立彩虹文理短期補習班,291,,文理類,苗栗縣頭份市建國里5鄰三民街74號,2011-03-23,300
苗栗縣政府,苗栗縣私立明昌文理短期補習班,,,文理類,苗栗縣苑裡鎮中正里13鄰中正101之29號1-3樓,2017-02-08,300
苗栗縣政府,苗栗縣私立宜翔文理短期補習班,214,,文理類,苗栗縣苗栗市高苗里9鄰大同路91號1-2F,2009-04-23,300
苗栗縣政府,苗栗縣私立吉的堡文理短期補習班,546,gkclai123@gmail.com,文理類,苗栗縣頭份市中正路326號2F,1999-04-23,300
苗栗縣政府,苗栗縣私立上元文理短期補習班,014,,文理類,苗栗縣苑裡鎮苑南里1鄰新興路88號1-2樓,2005-04-18,300
苗栗縣政府,苗栗縣私立博學美語技藝短期補習班,370,ruby765499@gmail.com,外語類,苗栗縣通霄鎮通東里1鄰中正路3之6號1F,2012-09-03,300
苗栗縣政府,苗栗縣私立必勝文理短期補習班,,,文理類,苗栗縣竹南鎮中港里12鄰守法街2-2號1-4樓,2018-11-29,300
苗栗縣政府,苗栗縣私立品昇文理短期補習班,,,文理類,苗栗縣頭份市忠孝一路222號1-2樓,2019-10-22,300
苗栗縣政府,苗栗縣私立永丞文理短期補習班,,minmin47@gmail.com,文理類,苗栗縣苗栗市饒平街21號2-3樓,2019-10-23,300
苗栗縣政府,苗栗縣私立北大文理短期補習班,610,331783@north-union.com.tw,文理類,苗栗縣苗栗市建功里33鄰忠孝路214號1-2F、212號2F,2001-10-29,300
苗栗縣政府,苗栗縣私立蘋果樹教育文理短期補習班,,,文理類,苗栗縣頭份市大同路281號,2020-08-21,300
苗栗縣政府,苗栗縣私立精智文理短期補習班,402,,文理類,苗栗縣竹南鎮中華里環市路2段106號,2013-07-16,300
苗栗縣政府,苗栗縣私立翔英文理短期補習班,094,lghsu.shine@msa.hinet.net,文理類,苗栗縣竹南鎮大厝里11鄰大營路165號1F,2006-10-11,300
苗栗縣政府,苗栗縣私立波力美語文理短期補習班,372,pollygurung@gmail.com,文理類,苗栗縣苗栗市新苗里5鄰新苗街77號2F,2012-09-07,300
苗栗縣政府,苗栗縣私立優兒堡文理短期補習班,351,,文理類,苗栗縣公館鄉館中村宮前路127號2-3F,2012-04-05,300
苗栗縣政府,苗栗縣私立奇妙美語珠心算技藝短期補習班,241,magicenter51@yahoo.com.tw,文理類,苗栗縣竹南鎮中正路156巷1弄7號1-2F,2012-12-28,300
苗栗縣政府,苗栗縣私立嘉偉文理短期補習班,070,school339@yahoo.com.tw,文理類,苗栗縣竹南鎮山佳里光復路339號1-2F,2006-05-24,300
苗栗縣政府,苗栗縣私立郭老師文理短期補習班,311,,文理類,苗栗縣竹南鎮新南里8鄰新南街69號1F,2011-08-19,300
苗栗縣政府,苗栗縣私立立冠文理短期補習班,314,,文理類,苗栗縣公館鄉館南村弘南街104號1F,2011-10-11,300
苗栗縣政府,苗栗縣私立時宇文理短期補習班,447,jianguo.ml@eagletw.com,外語類,"苗栗縣頭份市合作街33號2F,合作街29巷2號1F",2008-05-31,300
苗栗縣政府,苗栗縣私立達昇珠心算技藝短期補習班,728,,商類：珠算、心算、會計,苗栗縣苑裡鎮苑南里和平路41號1F,2004-11-19,300
苗栗縣政府,苗栗縣私立愛力兒文理短期補習班,456,,文理類,苗栗縣後龍鎮大庄里成功路266號1-2F,1999-07-20,300
苗栗縣政府,苗栗縣私立丹尼爾美語技藝短期補習班,169,penny-yea@hotmail.com,外語類,苗栗縣銅鑼鄉銅鑼村銅鑼街46號,2008-04-17,300
苗栗縣政府,苗栗縣私立米妮技藝文理短期補習班,052,,文理類,苗栗縣苗栗市福麗里10鄰民族路229號2-4F,2005-02-04,300
苗栗縣政府,苗栗縣私立士昌文理短期補習班,128,yeanch126@gmail.com,文理類,苗栗縣竹南鎮大業街126號1-2F,2007-07-20,300
苗栗縣政府,苗栗縣私立高昇文理短期補習班,320,,文理類,苗栗縣頭份市建國里11鄰建國路110號2F,2011-10-24,300
苗栗縣政府,苗栗縣私立嵐林美術技藝短期補習班,,,美術、書法、攝影、美工設計、圍棋類,苗栗縣苗栗市中正路136號2樓,2019-10-22,300
苗栗縣政府,苗栗縣私立惠丹舞蹈技藝短期補習班,450,vin026@ms18.hinet.net,音樂、舞蹈類,苗栗縣苗栗市勵志街18號1樓,1975-07-10,300
苗栗縣政府,苗栗縣私立非凡文理短期補習班,,yuping.fang@yahoo.com,文理類,苗栗縣竹南鎮照南里21鄰自由街129號1樓,2018-11-07,300
苗栗縣政府,苗栗縣私立種子美語技藝短期補習班,,a1208362@gmail.com,外語類,苗栗縣頭份市建國路60號1-3F,2006-01-10,300
苗栗縣政府,苗栗縣私立博文文理短期補習班,245,,文理類,苗栗縣竹南鎮正南里23鄰大營路140號1-4F,2009-12-25,300
苗栗縣政府,苗栗縣私立莊鎮文理短期補習班,259,,文理類,苗栗縣竹南鎮正南里中正路187號1F,2010-05-31,300
苗栗縣政府,苗栗縣私立向陽文理技藝短期補習班,,zhunansunshine@gmail.com,文理類,苗栗縣竹南鎮博愛街394號1-4樓/392號(1/3/4)樓,2016-12-08,300
苗栗縣政府,苗栗縣私立馬格力特語文技藝短期補習班,403,,外語類,苗栗縣竹南鎮大厝里19鄰中正路335號1-2F,2013-08-08,300
苗栗縣政府,苗栗縣私立晴光文理短期補習班,248,chichu0885base@gmail.com,文理類,苗栗縣竹南鎮照南里27鄰光復路275號1-3樓,2010-01-25,300
苗栗縣政府,苗栗縣私立淯成文理短期補習班,246,greem361920@gmail.com,文理類,苗栗縣苗栗市北苗里19鄰蕉嶺街10號1-2F,2010-01-13,300
苗栗縣政府,苗栗縣私立道爾敦文理短期補習班,,,文理類,苗栗縣頭份市尖下里尖豐路320巷10號1-2F,2006-05-01,300
苗栗縣政府,苗栗縣私立寶貝熊音樂技藝短期補習班,231,babybear.musichouse@gmail.com,音樂、舞蹈類,苗栗縣頭份市建國里建國路94之1號2F,2009-08-21,300
苗栗縣政府,苗栗縣私立學立美語珠心算技藝短期補習班,356,,外語類,苗栗縣苗栗市維新里8鄰新庄街92巷54號,2012-04-20,300
苗栗縣政府,苗栗縣私立成龍文理短期補習班,297,a1208362@gmail.com,文理類,苗栗縣頭份市頭份里中正路221之1號2F,2011-05-12,300
苗栗縣政府,苗栗縣私立首相文理短期補習班,,yung.lien@outlook.com,文理類,苗栗縣竹南鎮開元里8鄰下街仔174號1~2樓、175號1~2樓,2018-06-15,300
苗栗縣政府,苗栗縣私立莊鎮文理短期補習班忠孝分班,,,文理類,苗栗縣頭份市忠孝里忠孝二路180號1-2樓,2016-07-28,300
苗栗縣政府,苗栗縣私立超強文理短期補習班,319,,文理類,苗栗縣苑裡鎮苑南里3鄰建國路31之1號1F,2011-10-24,300
苗栗縣政府,苗栗縣私立光華文理短期補習班,,,文理類,苗栗縣後龍鎮大庄里21鄰光華路390號1-2樓,2017-09-22,300
苗栗縣政府,苗栗縣私立宇勝文理短期補習班,256,,文理類,苗栗縣後龍鎮大庄里22鄰中山路322之1號1-2F,2010-05-07,300
苗栗縣政府,苗栗縣私立極力文理短期補習班,,,文理類,苗栗縣竹南鎮山佳里26鄰明德街92號,1997-05-02,300
苗栗縣政府,苗栗縣私立全民文理短期補習班,137,peoplecramschool@gmail.com,文理類,苗栗縣頭份市忠孝一路227號1-2F,2007-09-26,300
苗栗縣政府,苗栗縣私立新僑文理短期補習班,368,,文理類,苗栗縣後龍鎮南龍里18鄰勝利路207之12號1F,2012-08-20,300
苗栗縣政府,苗栗縣私立正佳珠算技藝短期補習班,,chang676886@yahoo.cm.tw,商類：珠算、心算、會計,苗栗縣頭份市大同路212號,2000-11-06,300
苗栗縣政府,苗栗縣私立喬昱文理短期補習班,174,lion690717@yahoo.com.tw,外語類,苗栗縣通霄鎮平安里平新路122號1F,2008-05-30,300
苗栗縣政府,苗栗縣私立諶老師文理短期補習班,077,,文理類,苗栗縣苗栗市建功里22鄰府前路110號4F,2006-07-04,300
苗栗縣政府,苗栗縣私立大和美語技藝短期補習班,206,,外語類,苗栗縣後龍鎮大庄里18鄰中山路196號1F,2009-03-05,300
苗栗縣政府,苗栗縣私立梓潼文理短期補習班,336,,文理類,苗栗縣頭份市成功里6鄰信東路290號1F,2012-01-02,300
苗栗縣政府,苗栗縣私立123文理短期補習班,425,,文理類,苗栗縣公館鄉鶴岡村7鄰鶴岡222號3樓,2014-06-20,300
苗栗縣政府,苗栗縣私立大聖美語技藝短期補習班,,,外語類,苗栗縣竹南鎮大厝里17鄰環市路1段293號1-2樓,2003-06-24,300
苗栗縣政府,苗栗縣私立拓耕文理短期補習班,703,,文理類,苗栗縣苗栗市自治路231號2樓,2004-01-16,300
苗栗縣政府,苗栗縣私立美格林技藝文理短期補習班,439,,文理類,苗栗縣竹南鎮佳興里9鄰民安街87號1-2F,2014-11-20,300
苗栗縣政府,苗栗縣私立柏克萊文理短期補習班,362,,文理類,苗栗縣苗栗市建功里新倉街12巷1號,2012-05-31,300
苗栗縣政府,苗栗縣私立安德文理短期補習班,309,,文理類,苗栗縣頭份市忠孝里建國路53號2-3樓,2011-08-12,300
苗栗縣政府,苗栗縣私立巨東技藝文理短期補習班,,h64926117@yahoo.com.tw,文理類,苗栗縣大湖鄉中正路23號,1995-07-07,300
苗栗縣政府,苗栗縣私立春之舞舞蹈技藝短期補習班,,,音樂、舞蹈類,苗栗縣苗栗市福麗里21鄰和平路138巷38號2樓,2003-01-14,300
苗栗縣政府,苗栗縣私立佳偉文理短期補習班,423,,文理類,苗栗縣竹南鎮正南里中正路185號1F,2014-05-30,300
苗栗縣政府,苗栗縣私立王競文理短期補習班,158,s03cjj@yahoo.com.tw,商類：珠算、心算、會計,苗栗縣苗栗市文山里25鄰祥發街5號1F,2008-01-25,300
